season,player,team,position,gp,avgtoi,hits,takeaways,blocked,minors,shots_against,goals_against,shots_for,goals_for,magpie_score,x_goals_for,x_goals_against,x_shots_for,x_shots_against
2021,Logan Couture,SJS,F,77,18.9327,92,62,58,9,789,78,834,82,16.475749,88.17,90.88,828.71,779
2021,Chris Wideman,MTL,D,64,14.876,44,13,46,22,430,54,525,49,9.818357,47.69,46.38,526.12,428.37
2021,Dylan DeMelo,WPG,D,76,18.4991,113,17,108,14,810,73,652,52,18.197686,63.59,80.93,636.84,799.97
2021,Mattias Janmark,VGK,F,67,14.3443,19,29,28,9,512,47,460,42,8.288467,45.04,47.15,443.26,504.87
2021,Kyle Criscuolo,DET,F,6,9.5556,6,0,1,1,24,1,23,2,15.515464,1.71,1.8,21.47,24.24
2021,Rasmus Andersson,CGY,D,82,22.6793,63,24,125,16,862,80,1208,136,15.819918,118.04,78.82,1176.73,854.82
2021,Oliver Kylington,CGY,D,73,18.158,40,24,79,7,603,46,765,88,16.587688,68.82,49.41,742.24,608.07
2021,William Nylander,TOR,F,81,18.273,19,59,30,8,727,82,1029,121,8.321431,114.15,70.6,1053.47,682.5
2021,Kent Johnson,CBJ,F,9,12.4426,4,2,1,1,45,2,57,6,10.579436,5.22,4.52,64.09,50.67
2021,Urho Vaakanainen,ANA,D,29,19.3184,27,7,28,5,316,36,250,29,10.809403,21.39,31.17,233.61,321.87
2021,Philip Tomasino,NSH,F,76,11.5364,49,17,28,5,374,33,464,44,13.348648,42.69,28.89,460.05,357.21
2021,Markus Nutivaara,FLA,D,1,7.0167,1,0,0,0,3,1,4,1,7.004992,0.56,0.12,4.53,2.04
2021,Dylan Samberg,WPG,D,15,14.8533,21,6,19,2,117,9,104,11,24.368253,9.13,10.53,105.45,116.86
2021,Mason Shaw,MIN,F,3,8.9889,6,3,1,1,16,2,16,0,20.92061,1.13,1.59,16.77,13.25
2021,Kole Sherwood,NSH,F,1,8.1333,3,0,0,0,2,0,7,0,122.0,0.17,0.5,5.49,3.96
2021,Guillaume Brisebois,VAN,D,1,4.2167,0,0,1,0,3,1,1,0,5.842956,0.03,0.1,0.7,2.01
2021,Nicolas Roy,VGK,F,78,16.259,85,34,34,19,660,60,791,74,12.793395,74.07,68.73,758.81,638.87
2021,Mikael Backlund,CGY,F,82,17.1183,62,55,27,15,672,59,823,65,12.71453,71.58,61.84,800.71,665.95
2021,Zach Sanford,WPG,F,80,14.299,169,36,67,18,625,52,513,41,23.920609,53.29,57.54,538.86,602.54
2021,Kevin Stenlund,CBJ,F,3,7.5278,2,1,2,1,14,0,13,0,17.483871,0.65,1.08,10.68,14.83
2021,Mason Geertsen,NJD,D,25,6.9567,58,4,7,11,86,11,62,5,20.08018,5.71,7.04,65.67,86.63
2021,Jonas Siegenthaler,NJD,D,70,20.5667,98,17,106,18,736,86,676,61,15.809874,62.94,65.49,661.7,725.94
2021,Brandon Biro,BUF,F,1,13.5,1,0,0,0,4,0,6,0,33.75,0.24,0.27,6.96,3.61
2021,Greg McKegg,NYR,F,43,10.8671,50,14,22,3,275,24,156,8,16.441757,13.21,24.8,153.11,270.2
2021,Mitchell Marner,TOR,F,72,20.8829,75,72,31,8,705,91,999,135,13.40768,118.92,70.84,1035.92,690.24
2021,Alexander Romanov,MTL,D,79,20.3943,227,24,144,17,986,113,711,65,22.147856,60.42,91.08,689.27,988.52
2021,Steven Stamkos,TBL,F,81,18.478,93,30,31,18,688,70,921,140,12.297029,108.99,77.55,948.47,677.48
2021,Chase Priskie,FLA,D,4,14.0042,3,1,3,1,40,2,38,4,11.952954,3.99,3.15,37.27,37.09
2021,Patrik Nemeth,NYR,D,63,16.6347,115,11,102,14,640,57,379,34,20.826883,32.16,55.43,374,630.8
2021,Andrew Agozzino,OTT,F,1,6.8667,4,0,0,0,2,0,3,0,137.333333,0.12,0.13,3.68,1.54
2021,Max McCormick,SEA,F,10,8.1,11,2,3,5,25,1,31,2,17.608696,2.3,1.83,31.1,25.01
2021,Cale Makar,COL,D,77,25.668,95,49,110,13,935,75,1349,163,20.41362,144.76,90.15,1293.92,897.11
2021,Alex Killorn,TBL,F,82,18.697,88,42,26,33,743,78,876,109,10.349007,99.57,88.19,899.88,737.26
2021,Ben Jones,VGK,F,2,8.0417,4,0,1,1,14,1,7,1,13.365651,0.65,0.92,7.91,12.28
2021,Colin White,OTT,F,24,15.3375,28,4,4,2,143,20,222,20,11.492949,24.06,14.7,215.66,135.54
2021,Mitchell Chaffee,MIN,F,2,7.45,7,0,0,0,3,0,9,1,173.833333,0.41,0.39,7.6,4.13
2021,Artturi Lehkonen,COL,F,74,15.095,82,18,39,11,635,60,584,50,12.293619,52.43,56.61,555.48,610.23
2021,Cody Ceci,EDM,D,78,20.8964,117,15,121,7,965,89,781,74,17.794311,78.72,88.59,770.23,924.59
2021,Jack Quinn,BUF,F,2,14.875,0,1,1,0,23,1,13,2,7.854785,0.91,1.74,11.42,18.75
2021,Mathieu Joseph,OTT,F,69,14.1981,106,45,27,13,512,46,435,42,18.72477,42.54,48.73,449.58,500.48
2021,Fabian Zetterlund,NJD,F,14,13.3429,16,3,7,0,87,8,110,13,17.905914,9.17,8.34,104.58,84.43
2021,Max Pacioretty,VGK,F,39,17.3786,30,15,21,10,293,26,461,50,12.485862,45.88,31.35,451.07,295.64
2021,Tanner Laczynski,PHI,F,1,9.45,3,1,1,0,6,1,3,0,30.582524,0.2,1.18,2.74,5.46
2021,Ryan Strome,NYR,F,74,18.3255,41,32,19,28,647,53,800,110,7.910162,87.37,60,803.34,651.31
2021,Connor Mackey,CGY,D,3,13.5778,4,1,1,1,16,2,22,1,14.359577,1.61,1.46,21.04,15.1
2021,Jeffrey Viel,SJS,F,34,8.8034,84,13,11,30,145,8,123,6,19.827118,11.78,11.97,119.12,143.24
2021,Max Willman,PHI,F,41,11.7715,53,14,10,8,277,29,214,12,12.720687,17.35,24.1,202.14,271.9
2021,Josh Leivo,CAR,F,7,9.2286,4,0,1,1,30,4,39,5,6.060038,4.09,2.41,40.02,30.7
2021,Darren Helm,COL,F,68,10.5512,114,25,27,7,452,40,334,22,18.477576,26.39,38.66,308.9,437.13
2021,Jarred Tinordi,NYR,D,7,12.9214,17,0,8,2,44,6,27,1,21.919833,2.8,3.96,29.99,50.11
2021,Dante Fabbro,NSH,D,66,19.0523,69,22,105,12,658,64,634,65,17.73169,59.46,60.73,637.16,649.75
2021,Dylan Sikura,COL,F,5,9.9567,0,2,3,0,15,2,20,2,14.259118,1.58,1.67,19.3,14.78
2021,Sasha Chmelevski,SJS,F,19,13.1842,20,8,4,2,124,8,117,9,16.490434,10.54,10.71,117.21,125.23
2021,Jaccob Slavin,CAR,D,79,23.53,50,74,121,5,867,74,1014,107,21.148649,111.11,86.68,1024.34,888.31
2021,Jake Neighbours,STL,F,9,9.3537,10,0,1,1,47,5,31,3,9.977553,2.42,4.49,29.62,50.09
2021,Daniel Sprong,SEA,F,63,12.9873,43,20,12,4,397,31,469,35,11.438451,41.55,37.72,481.68,397.66
2021,Andreas Athanasiou,LAK,F,28,15.2339,11,15,10,2,196,16,244,25,11.663312,26.86,19.63,253.4,204.09
2021,Sean Day,TBL,D,2,10.7083,4,1,2,0,16,3,7,1,15.575758,0.52,1.13,7.91,12.99
2021,Trey Fix-Wolansky,CBJ,F,6,6.2861,7,2,4,0,17,4,19,3,19.390324,1.51,1.58,24.51,18.71
2021,Noah Gregor,SJS,F,63,14.9357,118,28,49,11,491,50,469,32,20.772476,41.04,45.51,460.53,487.03
2021,Jayson Megna,COL,F,20,10.305,27,8,9,2,112,8,97,5,21.084399,7.25,8.97,92.1,110.58
2021,Tyler Bertuzzi,DET,F,68,19.8755,65,42,41,17,701,84,771,92,10.860825,87.96,78.52,758.19,675.49
2021,Jacob Bernard-Docker,OTT,D,8,14.7688,4,2,3,2,66,5,51,6,7.847312,5.07,4.89,56.06,58.64
2021,Jakub Voracek,CBJ,F,79,17.4593,27,44,28,12,716,68,764,88,8.181162,81.84,74.96,779.58,688.7
2021,Erik Karlsson,SJS,D,50,23.4703,18,52,45,7,611,69,696,65,11.270878,65.6,67.69,681.75,604.9
2021,Alex Wennberg,SEA,F,80,17.8519,47,45,44,14,658,84,731,62,10.084616,63.27,73.04,701.54,645.65
2021,Kevin Hayes,PHI,F,48,17.9236,36,30,12,8,494,61,456,43,8.077761,41.4,49.38,443.4,471.64
2021,Cam Fowler,ANA,D,76,24.4162,37,31,116,8,1037,108,889,95,11.610902,81.25,102.15,886.34,1023.09
2021,Matt Tennyson,NSH,D,8,12.9104,12,1,4,2,68,5,38,5,13.858246,3.6,5.11,41.39,64.28
2021,Ian Mitchell,CHI,D,8,11.9313,2,0,9,0,62,7,32,4,9.019027,3.5,4.93,36.58,59.01
2021,Patrice Bergeron,BOS,F,73,18.1701,78,37,45,16,561,49,1041,99,16.688411,100.85,53.84,982.35,529.46
2021,Tobias Bjornfot,LAK,D,70,16.7629,61,10,58,3,623,60,560,37,12.878686,48.82,63.11,573.94,637.79
2021,Adam Brooks,WPG,F,25,8.948,11,3,6,1,106,3,96,5,12.621304,7.11,8.85,94.14,110.99
2021,Caleb Jones,CHI,D,66,18.7399,100,26,84,11,624,60,607,52,20.134626,48.05,51.03,558.6,598.57
2021,Paul Cotter,VGK,F,7,8.8119,17,1,1,3,32,2,26,3,22.012522,2.2,2.3,27.25,26.72
2021,Derek Forbort,BOS,D,76,18.1213,133,15,100,17,725,78,636,51,18.369251,52.16,72.31,584.17,720.05
2021,Evgeni Malkin,PIT,F,41,18.3297,21,41,18,11,339,39,510,57,11.679753,59.04,37.24,505.62,325.45
2021,Bowen Byram,COL,D,30,18.8078,53,14,26,6,281,25,315,32,20.24352,26.43,23.34,307.87,274.43
2021,Jacob MacDonald,COL,D,8,10.0917,9,0,3,1,45,3,62,2,14.185865,4.77,2.75,57.43,41.06
2021,Alex Newhook,COL,F,71,13.5643,40,20,36,6,460,25,490,46,14.789139,43.45,36.46,466.95,456.79
2021,Adam Pelech,NYI,D,78,21.281,99,49,128,16,901,72,783,73,21.175669,67.15,77.31,753.23,864.9
2021,Brendan Guhle,ANA,D,6,14.6667,11,0,4,0,51,5,35,5,17.69437,2.32,2.87,35.57,42.67
2021,Riley Sheahan,SEA,F,69,12.0447,16,18,28,1,443,51,334,33,6.983578,29.09,43.94,330.14,440.67
2021,Johnathan Kovacevic,WPG,D,4,10.8125,0,0,3,1,15,0,22,1,12.566586,1.96,1.44,22.62,14.81
2021,Marc-Edouard Vlasic,SJS,D,75,15.2153,54,17,90,9,569,55,469,28,15.878262,36.72,52.07,462.38,588.77
2021,Trevor van Riemsdyk,WSH,D,72,17.4681,25,30,129,12,646,70,528,49,15.464551,45.17,59.32,535.22,656.13
2021,Nicholas Paul,TBL,F,80,16.5119,106,59,56,10,732,77,603,43,16.827616,58.6,73.71,624.27,730.45
2021,Filip Chytil,NYR,F,67,13.1751,24,23,27,7,404,33,474,36,10.472116,44.32,36.92,466.14,398.4
2021,Joel Eriksson Ek,MIN,F,77,18.5781,138,30,44,14,682,74,826,97,16.999464,88.75,71.52,793.83,661.1
2021,Sam Lafferty,CHI,F,56,13.5711,137,23,26,12,467,50,311,21,19.292348,26.14,38.8,292.43,444.89
2021,Kurtis MacDermid,COL,D,58,7.3991,105,5,22,19,229,18,215,19,19.426177,17.72,18.37,201.46,219.5
2021,Connor McDavid,EDM,F,80,22.0663,75,73,26,15,791,71,1313,151,14.280251,157.77,76.59,1281.14,778.5
2021,Nicholas Robertson,TOR,F,10,10.2717,10,3,2,2,54,5,55,1,12.237725,4.46,4.37,56.16,48.59
2021,Corey Perry,TBL,F,82,13.5195,73,19,28,25,462,37,602,64,12.477536,66.65,45.48,616.08,457.38
2021,Chase Pearson,DET,F,3,6.7556,4,0,0,0,9,1,9,1,17.150917,1.24,0.74,11,8.84
2021,Marco Scandella,STL,D,70,18.1402,106,18,70,9,784,55,526,64,18.093835,53.14,69.08,495.75,775.93
2021,Conor Garland,VAN,F,77,16.3866,52,50,22,13,563,48,770,72,13.003713,65.55,52.05,730.7,549.42
2021,Reilly Smith,VGK,F,56,17.7836,55,29,23,4,454,51,653,57,13.287123,61.37,51.6,624.07,466.41
2021,Jordan Harris,MTL,D,10,16.28,10,3,11,4,80,5,66,8,17.248808,6.77,6.94,64.71,80.02
2021,Kurtis Gabriel,CHI,F,2,6.025,7,1,0,0,3,0,4,0,160.666667,0.09,0.34,2.31,3.05
2021,Scott Mayfield,NYI,D,61,19.7762,77,15,109,17,664,63,518,43,17.697454,49.1,55.34,502.14,634.06
2021,Lassi Thomson,OTT,D,16,17.2427,23,5,9,1,145,24,160,15,11.074743,12.9,14.61,147.74,143.69
2021,Derick Brassard,EDM,F,46,12.9083,82,10,6,8,295,21,308,28,18.899416,27.65,27.31,308.85,293.66
2021,Tyler Myers,VAN,D,82,21.9776,145,32,148,26,1057,101,867,77,18.561423,80.7,107.43,852.61,1035.75
2021,Jakub Vrana,DET,F,26,14.9333,14,12,9,3,194,22,215,21,9.212691,17.5,20.95,214.53,194.84
2021,Matt Kiersted,FLA,D,10,14.045,10,3,17,1,88,13,72,4,14.803429,5.8,7.96,68.63,80.8
2021,Linus Sandin,PHI,F,1,6.9833,0,1,2,0,4,0,1,0,52.375,0.01,0.1,0.75,3.48
2021,Jake Christiansen,CBJ,D,8,9.7667,9,0,6,0,48,2,25,3,21.692991,2.18,3.5,28.53,48.07
2021,Jonas Brodin,MIN,D,73,23.4388,42,24,126,9,884,98,888,91,13.267436,87.64,88.87,853.04,877
2021,Dan Renouf,DET,D,4,14.0042,4,1,2,2,28,5,27,3,7.778292,1.83,2.59,25.26,22.1
2021,Nikita Kucherov,TBL,F,47,19.983,32,24,7,11,445,56,650,95,7.057325,75.34,49.88,647.83,439.79
2021,Ryan Suter,DAL,D,82,23.6555,46,19,88,21,997,84,1006,91,10.397789,109.48,91.07,1011.29,983.5
2021,Steven Lorentz,CAR,F,67,10.8886,67,24,13,4,324,25,375,23,17.700317,34.02,27.71,385.31,324.37
2021,Evan Bouchard,EDM,D,81,19.8049,80,37,112,14,807,81,974,89,16.869566,93.85,81.19,958.95,799.5
2021,Isac Lundestrom,ANA,F,80,15.4856,38,22,55,4,715,67,488,42,9.814644,43.83,68.57,482.99,704.75
2021,Taylor Raddysh,CHI,F,74,12.3358,103,23,21,4,436,34,457,47,20.042471,44.51,36.85,452.88,443.62
2021,James Neal,STL,F,19,11.964,17,2,3,0,95,5,120,9,17.000935,10.71,7.32,114.09,94.94
2021,Austin Watson,OTT,F,67,11.9915,213,15,63,30,476,34,304,25,28.063166,29.1,40.39,313.46,461.4
2021,Maxim Mamin,FLA,F,40,11.9033,59,9,17,5,224,20,280,29,19.398306,29.26,21.28,276.97,229.51
2021,Cedric Paquette,MTL,F,24,8.8604,58,5,14,6,130,21,89,3,18.477637,6.06,13.28,76.9,127.33
2021,Arttu Ruotsalainen,BUF,F,18,11.8889,14,5,6,3,116,7,99,5,12.653737,6.4,9.54,93.47,109.9
2021,Evgeny Svechnikov,WPG,F,72,10.7551,104,24,22,14,411,31,386,27,18.025714,33.52,32.94,366.47,394.18
2021,Gabriel Vilardi,LAK,F,25,13.514,6,6,9,3,149,14,162,12,7.493148,13.86,13.96,168.08,154.99
2021,Michael Stone,CGY,D,11,17.4576,26,1,17,2,103,4,112,9,36.974736,9.1,9.78,114.95,108.51
2021,Elias Pettersson,VAN,F,80,18.595,49,56,43,5,698,61,918,104,14.294411,102.92,71.1,910.83,671
2021,Will Borgen,SEA,D,36,15.2833,89,4,33,11,248,19,251,16,27.2569,20.45,22.29,253.02,260.74
2021,Valtteri Puustinen,PIT,F,1,10.2333,1,0,0,0,6,0,5,2,17.055556,0.99,0.32,5.67,5.19
2021,Alexei Toropchenko,STL,F,28,10.722,69,5,21,6,153,16,128,7,26.192666,11.57,13.26,130.08,162.76
2021,Mark Pysyk,BUF,D,68,17.8169,41,21,85,8,737,64,503,40,12.966943,38.9,64.4,485.49,686.64
2021,Kaapo Kakko,NYR,F,43,15.4457,8,12,15,5,314,20,354,34,7.721286,35.66,29.29,347.78,312.48
2021,Vladislav Namestnikov,DAL,F,75,14.6513,62,21,39,18,582,57,477,47,10.634278,48.23,57.64,462.25,575.78
2021,Trent Frederic,BOS,F,60,11.6536,119,23,22,21,338,21,357,27,23.097328,29.73,30.39,337.33,321.9
2021,Carter Verhaeghe,FLA,F,78,16.0348,50,63,16,23,591,50,810,77,11.742509,83.39,61.67,801.11,562.61
2021,Christian Dvorak,MTL,F,56,17.375,32,16,52,7,581,65,490,52,9.48417,51.09,59.51,471.57,564.02
2021,Gabriel Fortier,TBL,F,10,9.2817,24,1,5,2,35,3,42,1,34.204115,3.72,3.03,42.2,31.44
2021,Jeff Malott,WPG,F,1,4.1,3,0,0,1,2,0,2,0,20.163934,0.02,0.42,1.44,1.88
2021,Anders Bjork,BUF,F,58,12.0368,11,16,16,5,394,33,253,17,6.079199,18.71,31.24,242.28,377.78
2021,John Moore,BOS,D,7,17.5667,9,2,11,2,84,5,53,5,18.672894,3.93,9.18,49.56,87.53
2021,Justin Dowling,VAN,F,22,9.5947,10,4,9,1,92,8,96,6,12.373155,6.91,7.11,89.38,90.14
2021,Tyson Jost,MIN,F,80,12.82,55,38,37,16,609,57,443,35,10.788033,35.71,55.14,417.03,584.72
2021,Lawson Crouse,ARI,F,65,17.4305,181,29,36,20,670,70,512,51,19.153159,48.25,66.77,503.23,642.32
2021,Viktor Lodin,OTT,F,1,10.4167,0,0,0,0,10,0,6,0,0.0,0.31,1.33,4.49,10.06
2021,Nico Sturm,COL,F,74,11.9043,99,10,29,7,505,57,419,33,12.967278,35.16,46.08,413.21,511.5
2021,Mark Friedman,PIT,D,26,13.2776,27,4,25,9,191,17,196,14,13.866477,17.82,14.93,190.77,182.75
2021,Jordan Kyrou,STL,F,74,16.5768,6,36,23,10,631,58,674,92,6.128303,68.16,64.14,651.04,621.31
2021,Richard Panik,NYI,F,4,14.9167,9,1,2,0,28,2,34,1,30.951009,2.6,2.62,30.17,24.05
2021,Alex Ovechkin,WSH,F,77,20.5719,155,32,25,9,692,77,993,129,17.720096,106.33,70.51,1003.13,698.87
2021,Austin Poganski,WPG,F,16,9.3219,23,1,5,2,77,7,59,4,16.801717,4.66,6.87,56.65,74.83
2021,Craig Smith,BOS,F,74,14.418,95,21,28,14,473,43,701,55,16.034532,55.56,39.84,646.74,459.62
2021,Dysin Mayo,ARI,D,67,20.9159,129,14,133,11,968,98,498,45,17.774282,44.76,91.06,483.64,938.48
2021,Kris Russell,EDM,D,31,15.4403,33,3,68,2,277,23,237,24,24.219819,21.57,21.49,218.88,268.27
2021,Ryan Donato,SEA,F,74,13.7941,70,39,17,12,427,55,501,49,12.863028,42.35,46.82,501.57,443.74
2021,Elias Lindholm,CGY,F,82,19.9449,66,55,52,10,776,70,1057,149,14.549167,112.77,72.51,1037.47,769.75
2021,Niko Mikkola,STL,D,54,16.9821,109,7,81,26,504,57,379,42,17.4834,37.34,42.91,367.69,490.12
2021,Conor Timmins,ARI,D,6,17.7472,7,3,9,0,64,14,49,3,10.791654,4.26,6.24,53.21,59.01
2021,Oskar Sundqvist,DET,F,59,13.9994,70,12,29,8,480,47,336,41,12.431807,28.72,48.99,308.89,483.62
2021,Scott Perunovich,STL,D,19,15.4579,5,6,12,5,126,9,164,17,10.383197,15.32,11.64,153.78,129.05
2021,Joe Thornton,FLA,F,34,11.1446,21,18,10,5,178,22,218,16,11.402814,21.23,16.69,215.87,170.46
2021,Jacob Perreault,ANA,F,1,11.0833,0,0,1,0,3,1,3,0,7.869822,0.41,0.16,6.69,2.22
2021,Anthony Duclair,FLA,F,74,15.0155,38,37,16,11,535,46,780,102,9.824057,85.22,57.37,743.13,516.4
2021,Bokondji Imama,ARI,F,4,4.5208,10,0,0,1,18,4,8,2,11.133915,0.63,1.87,5.83,19.77
2021,Vladimir Tkachev,LAK,F,4,13.9833,1,0,0,1,25,2,20,3,2.088623,2.37,1.77,22.78,21.02
2021,Marco Rossi,MIN,F,2,15.5833,1,1,1,2,10,1,16,0,8.237885,2.65,0.56,15.55,10.81
2021,Colin Blackwell,TOR,F,58,11.9339,91,18,24,2,335,36,305,30,20.129777,26.66,34.58,305.3,341.02
2021,Travis Hamonic,OTT,D,43,18.8457,73,6,93,7,480,41,370,36,23.410931,34.73,46.32,366.35,477.07
2021,Anders Lee,NYI,F,76,16.6318,94,16,30,17,674,72,737,87,10.808742,73.09,64.29,720.29,653.53
2021,Cooper Marody,EDM,F,1,6.0667,0,1,0,0,1,1,3,1,8.584906,0.44,0.1,3.48,2.15
2021,Mason Marchment,FLA,F,54,14.1185,114,25,9,20,302,28,493,61,21.328615,52.68,27.96,478.37,280.9
2021,Nick Ritchie,ARI,F,57,12.7015,153,9,22,19,362,38,367,34,21.520303,36.34,33.05,383.11,369.55
2021,Egor Zamula,PHI,D,10,16.3467,5,3,19,2,87,12,78,3,13.973574,7.82,7.73,78.71,80.01
2021,Rasmus Ristolainen,PHI,D,66,21.4409,230,12,125,19,872,88,710,63,24.852726,65.61,83.68,703.39,856.07
2021,Nico Hischier,NJD,F,70,19.344,50,45,48,7,647,81,761,83,11.774685,79.28,74.58,770.21,654.58
2021,T.J. Oshie,WSH,F,44,17.4508,86,19,30,9,340,37,435,43,20.615913,46,30.21,433.87,329.83
2021,Jan Jenik,ARI,F,13,10.6756,25,1,4,4,69,10,69,4,14.660383,6.34,6.93,63.5,72.8
2021,Dylan Strome,CHI,F,69,17.4406,11,47,33,13,570,56,722,74,8.949435,60.61,50.73,669.73,542.73
2021,Rhett Gardner,DAL,F,4,8.1042,5,4,1,0,12,1,12,0,40.310881,1.17,1.29,13.13,14.93
2021,Matt Luff,NSH,F,23,9.4072,29,3,4,2,115,7,85,10,16.961435,7.49,8.54,96.24,109.84
2021,Jacob Bryson,BUF,D,73,18.3338,55,24,73,6,663,68,612,60,13.797769,53.32,66.02,590.55,656.53
2021,Mark Kastelic,OTT,F,16,9.1833,51,9,10,4,96,6,67,5,34.223602,6.49,7.43,75.01,86.69
2021,Bryce Kindopp,ANA,F,1,6.1,0,0,0,0,3,0,4,0,0.0,0.08,0.36,2.91,2.64
2021,Jonathan Toews,CHI,F,71,17.4754,25,48,22,18,675,73,639,61,7.328786,60.13,59.49,624.92,640.92
2021,Shayne Gostisbehere,ARI,D,82,22.1907,60,44,115,13,1017,100,862,88,13.788317,83.31,95.58,850.49,970.9
2021,Ryan Merkley,SJS,D,39,15.3778,12,13,22,4,314,24,312,17,9.706918,22.94,30.41,297.89,321.61
2021,Yegor Sharangovich,NJD,F,76,16.5077,30,48,26,5,665,94,659,71,7.466743,63.72,60.84,662.11,649.05
2021,Jeremy Davies,NSH,D,6,12.2528,5,2,1,1,35,7,41,2,7.368861,2.99,2.92,37.79,34.51
2021,Lucas Carlsson,FLA,D,40,12.7112,39,7,29,5,262,22,310,26,15.752443,28.98,24.04,292.93,243.39
2021,Olli Juolevi,DET,D,18,12.7537,14,2,10,3,129,10,137,9,11.248249,12.18,11.92,131.77,118.77
2021,Jesper Froden,BOS,F,7,12.869,8,0,5,1,35,0,45,4,34.949018,3,2.04,42.16,32.95
2021,Blake Lizotte,LAK,F,70,12.1638,74,31,12,14,355,34,448,40,15.158398,38.06,37.09,438.28,384.88
2021,Torey Krug,STL,D,64,20.551,53,16,70,24,666,53,803,112,12.704841,83.6,67.59,770.03,674.98
2021,Oliver Ekman-Larsson,VAN,D,79,22.3118,105,26,79,26,1000,83,927,79,13.652383,90.27,92.12,907.86,958.41
2021,Sami Niku,MTL,D,13,15.2833,6,2,17,1,89,6,106,10,19.495705,8.38,7.56,96.61,89
2021,Nicolas Beaudin,CHI,D,2,6.1583,0,0,1,0,6,1,3,0,5.065113,0.27,0.73,2.96,6
2021,Kristian Reichel,WPG,F,13,10.4038,14,7,10,2,70,5,61,3,22.581123,6.03,4.03,59.55,67.97
2021,Dougie Hamilton,NJD,D,62,21.2237,87,20,92,17,665,90,801,80,14.385581,77.74,67.68,811.04,648.17
2021,Dennis Cholowski,SEA,D,11,15.8136,5,1,13,1,92,13,78,10,9.587358,7.05,7.59,85.1,94.31
2021,Pat Maroon,TBL,F,81,12.3961,160,16,11,32,424,20,508,49,21.692645,51.21,36.97,508.83,430.98
2021,Gavin Bayreuther,CBJ,D,43,13.0562,50,12,45,8,322,31,274,29,16.807354,22.14,28.48,261.49,309.58
2021,Carson Meyer,CBJ,F,13,8.2269,27,4,2,3,57,3,51,3,25.52506,3.98,5.41,51.35,56.78
2021,Devon Toews,COL,D,66,25.3692,54,45,85,10,883,77,995,123,15.105989,102.61,83.08,934.11,845.3
2021,Connor Brown,OTT,F,64,20.0568,14,51,37,5,697,82,663,58,8.37773,70.55,81.31,661.81,689.58
2021,Kasperi Kapanen,PIT,F,79,14.5323,110,40,19,8,538,41,673,49,19.646357,61.75,48.75,662.47,509.66
2021,Travis Sanheim,PHI,D,80,22.9702,64,23,142,17,1105,109,932,90,13.152923,84.69,111.47,901.06,1101.43
2021,Troy Terry,ANA,F,75,18.2364,6,35,27,13,647,80,744,89,5.292718,73.03,60.77,744.98,634.76
2021,David Savard,MTL,D,62,20.7906,134,7,127,18,862,98,553,46,17.020081,51.2,80.57,541.47,844.6
2021,Jacob Trouba,NYR,D,81,22.4249,207,24,177,35,970,77,898,88,26.279263,87.36,89.3,889.67,953.56
2021,Tyce Thompson,NJD,F,2,14.4167,2,2,0,0,21,1,11,1,16.282353,1.27,2.15,10.1,20.22
2021,Jason Robertson,DAL,F,74,18.1113,50,48,24,11,609,62,883,114,11.441917,102.14,58.95,896.28,587.08
2021,Jakub Galvas,CHI,D,6,18.1583,2,1,9,0,71,5,56,3,13.467937,4.13,6.07,47.82,67.15
2021,Anthony Angello,PIT,F,4,6.6292,13,0,0,1,10,1,9,1,37.053028,0.22,0.49,7.83,10.03
2021,Marcus Foligno,MIN,F,74,16.4079,238,28,42,30,594,58,613,72,24.79829,62.57,62.31,593.3,589.95
2021,Warren Foegele,EDM,F,82,12.6122,127,44,15,12,471,50,571,43,18.72267,50.86,44.8,571.59,463.56
2021,J.T. Miller,VAN,F,80,21.0573,172,56,56,22,874,88,983,129,18.745155,113.43,98.24,962.45,839.2
2021,Cal Clutterbuck,NYI,F,59,14.0418,229,21,23,5,436,40,289,18,35.897373,25.3,34.64,282.98,414.21
2021,Oliver Bjorkstrand,CBJ,F,80,17.9498,85,57,31,8,700,85,840,84,13.106292,87.95,70.46,867.25,683.88
2021,Antoine Roussel,ARI,F,53,12.1428,74,9,34,13,408,41,245,12,13.356126,22.71,38.6,246.71,408.84
2021,Hendrix Lapierre,WSH,F,6,9.5889,1,3,2,1,23,1,28,3,13.640674,1.93,1.57,24.71,21.49
2021,Vasily Podkolzin,VAN,F,79,12.7909,84,32,33,13,482,33,523,46,17.805298,43.51,41.53,510.57,471.76
2021,Yakov Trenin,NSH,F,80,14.6677,191,37,33,17,631,41,494,39,25.836552,48.16,59.02,493.27,621.45
2021,Riley Damiani,DAL,F,7,8.5357,4,3,0,1,26,2,32,2,11.577855,2.79,2.25,32.72,27.12
2021,Phil Kessel,ARI,F,82,16.6778,6,39,21,15,720,79,708,79,4.811511,69.44,66.6,698.24,695.48
2021,Roope Hintz,DAL,F,80,18.036,82,24,53,14,690,69,870,108,13.112674,105.11,62,896.54,665.85
2021,Taro Hirose,DET,F,15,10.66,9,3,2,2,77,10,74,7,7.282842,6.56,7.17,64.74,71.82
2021,Nikita Zadorov,CGY,D,74,16.9101,181,32,49,31,579,44,713,50,23.983928,55.48,48.59,722.03,569.19
2021,Nicholas Abruzzese,TOR,F,9,10.2148,7,0,3,1,43,3,42,2,12.180903,4.04,4.26,38.85,47.25
2021,Lucas Raymond,DET,F,82,18.1569,62,26,24,8,728,91,877,87,8.052055,87.96,82.81,839.63,718.53
2021,Ivan Provorov,PHI,D,79,24.8907,74,17,172,17,1061,115,977,79,15.06073,87.39,111.63,945.17,1057.45
2021,Jaret Anderson-Dolan,LAK,F,7,13.7905,12,2,3,2,34,3,37,0,22.771508,2.7,2.65,39.55,42.75
2021,Alexis Lafreniere,NYR,F,79,13.9956,108,44,26,17,520,40,554,49,18.905074,54.2,42.37,547.4,513.81
2021,Nicklas Backstrom,WSH,F,47,17.4908,16,25,16,6,368,43,480,60,8.138247,53.69,36.65,489.19,360.4
2021,John Tavares,TOR,F,79,18.0741,90,40,44,16,712,79,979,119,12.947055,111.36,67.32,1006.86,672.51
2021,Auston Matthews,TOR,F,73,20.6096,67,92,62,9,634,81,1085,147,18.300401,122.64,65.12,1108.67,619.41
2021,Jamie Drysdale,ANA,D,81,19.8852,40,19,72,8,829,85,823,76,9.726086,73.32,72.18,833.93,809.1
2021,Erik Haula,BOS,F,78,15.0934,129,25,36,21,550,42,667,61,19.107033,57.68,50.88,624.4,548.64
2021,Pierre Engvall,TOR,F,78,13.2829,66,32,12,15,495,36,559,45,12.462338,55.78,44.44,552.33,494.48
2021,Matt Nieto,SJS,F,70,14.4036,96,21,47,8,508,53,390,26,17.035593,30.29,45.45,376.47,536.4
2021,Andrew Ladd,ARI,F,51,14.1203,68,17,33,17,384,41,308,25,13.850584,28.43,30.49,312.16,372.06
2021,Derek Stepan,CAR,F,58,10.7957,29,22,25,7,284,27,329,25,12.602228,29.53,24.99,327.04,296.32
2021,Ross Colton,TBL,F,79,12.7979,153,29,36,7,444,38,561,48,27.3549,55.53,42.55,565.94,448.2
2021,Jon Lizotte,MIN,D,1,14.7167,3,0,4,1,9,1,6,1,26.80399,0.36,1.1,4.91,10.66
2021,Jonah Gadjovich,SJS,F,43,8.7558,104,7,14,17,204,18,160,9,21.441263,13.32,18.66,154.17,208.13
2021,Timothy Liljegren,TOR,D,61,16.4003,87,19,60,7,474,52,561,62,18.884676,55.27,40.74,564.43,469.16
2021,Alex Tuch,BUF,F,50,18.4083,32,40,49,7,464,60,567,65,13.122794,60.1,47.45,545.12,439.17
2021,Dylan Cozens,BUF,F,79,15.8924,35,33,22,17,631,68,679,67,7.217061,56.65,59.75,647,591.12
2021,Jordan Oesterle,DET,D,45,18.287,27,6,44,2,467,50,378,29,9.930715,29.51,44.69,355.41,461.2
2021,Jake Walman,DET,D,51,14.0239,47,9,58,5,323,27,371,22,20.715152,30.44,34.43,359.08,345.05
2021,Nick Foligno,BOS,F,64,12.4635,164,22,31,23,345,32,455,20,26.245533,37.23,32.99,435.49,343.21
2021,Robert Hagg,FLA,D,64,16.0193,138,10,102,16,651,60,462,38,21.433736,38.24,57.46,451.95,625.22
2021,Duncan Keith,EDM,D,64,19.7268,22,36,114,11,685,57,641,61,16.743848,57.04,63.26,616.84,661.84
2021,Tyler Pitlick,MTL,F,40,11.0867,70,14,26,4,238,23,225,10,22.695748,20.54,19.81,218.84,238.12
2021,Zach Bogosian,TBL,D,48,15.3625,114,7,34,17,402,22,321,23,23.78482,30.42,34.67,335.52,392.75
2021,Mike Reilly,BOS,D,70,18.9469,94,19,54,17,634,57,871,53,15.540387,66.83,54.49,800.03,601.44
2021,Drew O'Connor,PIT,F,22,10.2833,12,9,7,2,89,9,150,8,14.245898,11.61,7.17,147.02,86.47
2021,Jakob Chychrun,ARI,D,47,22.9918,51,19,66,17,578,67,478,39,12.461133,44.64,51.89,493.2,566.89
2021,Ryan Hartman,MIN,F,82,18.1805,72,35,48,38,752,75,880,112,10.041265,92.22,77.75,867.86,714.9
2021,Ryan Nugent-Hopkins,EDM,F,63,19.3183,42,43,34,8,633,57,704,92,12.171804,82.63,59.94,692.46,614.55
2021,Justin Barron,MTL,D,7,17.1786,5,2,5,0,68,8,62,5,10.034771,5.34,8.04,58.63,72.93
2021,Clayton Keller,ARI,F,67,20.1388,17,61,31,14,737,74,673,86,8.748274,70.46,70.06,670.43,701.16
2021,Wyatt Kalynuk,CHI,D,5,11.9967,9,1,0,1,32,4,21,1,13.042218,1.57,2.54,21.77,29.15
2021,Jakob Silfverberg,ANA,F,53,17.039,16,30,40,15,508,43,410,45,9.793431,38.1,48.9,399.71,498.69
2021,Zach Hyman,EDM,F,76,19.4649,74,29,31,18,823,80,889,89,9.552242,100.19,78.61,878.49,783.7
2021,Kaedan Korczak,VGK,D,1,16.6167,0,0,1,0,10,0,7,1,16.616667,1.35,1.65,8.18,10.46
2021,Alexander Radulov,DAL,F,71,14.0967,43,30,48,16,455,45,557,44,12.972112,59.39,43.34,563.93,458.76
2021,Oskar Lindblom,PHI,F,79,13.8011,83,19,48,11,610,59,535,41,13.134906,45.38,53.75,519.86,618.3
2021,Kristians Rubins,TOR,D,3,11.75,12,0,2,2,12,3,16,1,23.250883,1.38,0.96,17.4,13.01
2021,Nick Blankenburg,CBJ,D,7,17.5714,19,1,12,2,60,5,61,4,30.725995,5.69,5.55,62.39,57.2
2021,Riley Barber,DET,F,4,8.4417,3,1,1,1,21,3,15,1,7.706939,1.51,1.64,14.85,18.07
2021,Kiefer Sherwood,COL,F,11,8.5667,12,4,4,0,41,2,48,5,29.472477,4.15,2.95,45.57,39.7
2021,Matthew Tkachuk,CGY,F,82,17.8994,93,41,20,33,602,51,1071,147,13.091628,108.4,54.6,1054.31,591.89
2021,Connor Bunnaman,PHI,F,15,10.01,17,0,2,2,79,10,54,1,9.551527,4.41,7.2,55.88,75.21
2021,Brett Kulak,EDM,D,74,17.7547,103,21,63,21,670,69,638,57,14.639521,53.08,60.6,605.21,648.46
2021,Garrett Pilon,WSH,F,2,9.4083,2,1,0,0,7,0,8,1,40.321429,0.41,0.28,7.7,5.27
2021,Sammy Blais,NYR,F,14,13.4583,37,2,8,7,102,5,92,8,24.005376,7.02,9.03,91.48,98.47
2021,Seth Jarvis,CAR,F,68,13.875,69,15,21,9,433,40,572,58,13.091093,55.03,38.16,570.61,437.86
2021,Lukas Reichel,CHI,F,11,13.1955,0,6,3,0,76,9,77,2,6.097743,4.57,5.38,66.88,64.81
2021,Dawson Mercer,NJD,F,82,16.5413,26,56,35,13,690,91,723,77,8.029435,71.04,63.19,725.07,691.26
2021,Calvin de Haan,CHI,D,69,18.9577,146,18,172,15,708,80,574,40,25.387951,45.33,60.79,551.29,678.21
2021,Matt Roy,LAK,D,67,20.9836,124,8,103,13,681,61,800,68,22.075274,75.82,72.83,789.39,695.13
2021,Miles Wood,NJD,F,3,14.7611,5,0,1,2,32,2,12,0,9.72785,0.98,3.4,12.33,33.62
2021,Ryan McDonagh,TBL,D,71,22.4437,96,26,137,8,897,76,633,63,20.892701,69.52,92.94,657.24,897.92
2021,Jake Guentzel,PIT,F,76,20.0974,72,41,38,21,796,70,1067,126,11.561386,119.43,82.72,1048.54,760.19
2021,Thomas Harley,DAL,D,34,13.6897,30,9,30,3,228,21,251,17,16.972145,22.7,18.69,257.34,217.41
2021,Remi Elie,TBL,F,1,10.95,3,0,0,0,8,2,10,0,10.986622,0.48,0.64,7.45,6.32
2021,Chad Ruhwedel,PIT,D,78,15.3306,149,19,86,7,613,59,603,48,23.965541,52.61,51.32,595.95,578.55
2021,Damon Severson,NJD,D,80,23.5975,91,38,92,28,933,106,926,90,12.734957,91.26,101.91,943.22,956.78
2021,Hunter Drew,ANA,D,2,9.8583,5,0,0,1,7,0,1,0,29.238754,0.03,0.54,2.26,8.23
2021,Brad Marchand,BOS,F,70,19.2512,78,40,20,33,588,64,1030,104,10.819832,102.28,60.76,966.79,560.76
2021,Gregory Hofmann,CBJ,F,24,12.5056,23,7,10,4,159,8,141,14,16.18493,11.8,11.59,143.64,153.22
2021,Valeri Nichushkin,COL,F,62,19.0261,89,38,27,7,597,54,776,91,16.670638,78.5,54.72,739.76,557.8
2021,Josh Morrissey,WPG,D,79,23.6593,150,26,104,27,936,90,1075,106,17.88433,117.01,100.71,1038.08,909.06
2021,Rudolfs Balcers,SJS,F,61,15.0369,115,35,43,9,483,48,445,37,21.655948,37.45,47.52,431.55,494.66
2021,Connor Clifton,BOS,D,60,16.0642,156,16,62,13,439,45,517,35,27.42362,37.09,39.38,486.81,429.19
2021,Andrew Copp,NYR,F,72,19.1787,45,34,41,8,713,71,812,81,10.329098,88.39,80.3,804.95,701.7
2021,Jasper Weatherby,SJS,F,50,11.2407,52,18,24,9,276,27,237,21,15.52341,22.31,21.84,239.39,263.02
2021,Jack Ahcan,BOS,D,6,16.0306,8,1,5,0,38,3,50,1,26.068467,4.69,3.5,54.8,37.68
2021,Jordan Spence,LAK,D,24,19.7438,32,3,29,1,202,18,270,20,21.8945,25.65,20.94,281.54,197.62
2021,Mattias Samuelsson,BUF,D,42,19.9917,100,8,60,8,499,60,377,37,18.072211,34.35,48.94,352.18,476.54
2021,Michael Del Zotto,OTT,D,26,18.2564,42,5,34,2,249,32,224,28,17.00286,21.41,22.62,220.57,242.5
2021,Victor Olofsson,BUF,F,72,15.3826,10,18,15,3,539,63,655,68,4.255761,56.12,51.97,602.86,522.71
2021,Adam Beckman,MIN,F,3,10.4111,1,1,1,1,18,2,22,2,6.34394,1.32,1.41,17.5,16.46
2021,Zach Senyshyn,OTT,F,2,6.525,4,0,0,1,3,1,2,0,16.261682,0.11,0.28,3.07,3.75
2021,Sven Baertschi,VGK,F,1,13.9,0,0,0,0,12,1,4,0,0.0,0.07,1.79,2.61,10.39
2021,Brandon Montour,FLA,D,81,17.8996,64,26,65,23,737,66,913,87,11.907128,81.16,73.8,879.9,708.01
2021,Philippe Myers,NSH,D,27,14.8784,50,8,17,6,205,13,158,15,22.880944,13.74,19.41,167.43,206.69
2021,William Eklund,SJS,F,9,14.3278,4,2,4,1,55,4,62,6,11.313885,7.85,5.09,61.06,57.15
2021,Laurent Dauphin,MTL,F,38,13.2934,31,17,27,10,300,35,227,20,11.100002,20.06,32.51,227.47,296.7
2021,Radim Simek,SJS,D,36,13.2815,96,10,39,4,223,23,197,11,33.112359,16.91,17.84,190.2,219.1
2021,Jean-Gabriel Pageau,NYI,F,77,17.6745,171,30,53,12,734,63,684,70,21.797177,64.96,68.95,662.9,706.85
2021,Mikael Granlund,NSH,F,80,20.4146,92,57,45,15,877,94,881,115,12.766561,103.34,96.99,888.63,861.27
2021,Noah Cates,PHI,F,16,13.2458,21,10,6,2,111,9,108,12,19.091853,10.78,9.97,104.41,110.97
2021,Mikhail Sergachev,TBL,D,78,22.4688,139,23,123,25,872,88,820,82,18.773545,85.3,87.27,837.58,866.29
2021,Scott Harrington,CBJ,D,7,14.4714,8,2,9,3,58,9,26,2,11.869142,2.76,7.38,28.6,59.76
2021,Nicolas Hague,VGK,D,52,18.6506,57,25,80,19,482,56,540,53,16.064478,47.2,49.85,522.61,488.68
2021,Trevor Moore,LAK,F,81,15.6874,69,30,32,10,587,52,774,68,13.176629,78.81,56.76,773.17,594.25
2021,Viktor Arvidsson,LAK,F,66,16.9813,23,24,45,11,490,52,794,68,10.015759,80.14,49.74,805.07,484.89
2021,Joe Pavelski,DAL,F,82,18.474,104,35,69,7,689,72,945,115,17.885443,109.45,65.24,950.27,667.31
2021,Thomas Chabot,OTT,D,59,26.1921,73,29,93,13,725,71,905,94,17.460584,91.38,75.76,897.37,723.71
2021,Sheldon Rempal,VAN,F,1,9.1833,0,0,0,0,8,1,4,0,0.0,0.22,0.69,4.16,6.84
2021,Jesper Bratt,NJD,F,76,17.43,26,29,30,8,576,69,869,94,7.724015,90.96,63.33,886.62,600.66
2021,Brady Tkachuk,OTT,F,79,18.7989,270,41,25,41,711,75,940,105,21.843533,102.26,77.47,927.25,705.81
2021,David Kampf,TOR,F,82,15.2654,80,30,26,10,666,65,561,54,11.464416,50.95,59.15,527.63,654.49
2021,Max Comtois,ANA,F,52,14.1353,111,9,17,19,364,44,364,33,15.436409,30.88,33.18,370.68,356.84
2021,Santeri Hatakka,SJS,D,9,12.6296,5,1,7,1,71,9,47,4,8.321757,4.57,6.56,53.89,73.33
2021,Brendan Smith,CAR,D,45,13.9181,73,12,40,15,249,24,325,25,21.972107,31.71,25.2,334.15,266.08
2021,Keith Yandle,PHI,D,77,13.979,29,11,40,7,576,72,600,40,6.655317,60.1,63.28,599.62,560.42
2021,Vinnie Hinostroza,BUF,F,62,13.8718,25,22,13,11,452,46,397,33,6.697613,29.24,37.2,389.28,428.01
2021,Josh Manson,COL,D,67,18.9776,179,38,70,29,718,67,585,41,21.444467,45.96,64.54,560.66,704.96
2021,Nick Suzuki,MTL,F,82,20.5102,89,50,62,15,883,106,899,90,12.252226,82.03,98.29,877.02,857.05
2021,Owen Tippett,PHI,F,63,13.4228,98,36,16,6,412,36,534,46,20.634396,49.57,41.33,515.84,385.02
2021,Alex Galchenyuk,ARI,F,60,13.1536,67,18,24,16,483,44,356,34,11.26965,32.85,44.8,347.05,476.02
2021,Maxime Lajoie,CAR,D,5,12.54,3,0,5,0,22,1,37,3,29.044586,3.33,2.89,35.43,25.25
2021,Calen Addison,MIN,D,15,13.7889,12,0,6,1,108,15,133,12,7.552745,14,7.31,127.22,95.71
2021,Vladislav Kolyachonok,ARI,D,32,15.8474,39,12,36,4,278,22,216,19,19.980564,17.39,23.91,219.4,278.87
2021,Aaron Ekblad,FLA,D,61,24.9213,62,43,69,13,742,72,973,125,15.160266,109.86,81.04,939.51,683.29
2021,Noel Acciari,FLA,F,20,11.9833,48,8,16,4,123,13,127,11,26.408203,12.3,13.04,123.88,123.13
2021,Dmitri Samorukov,EDM,D,1,2.4667,0,0,0,0,4,2,2,0,0.0,0.14,0.39,2.17,2.99
2021,Cole Caufield,MTL,F,67,16.6803,18,32,7,5,551,72,615,65,5.18027,56.06,60.21,615.01,535.63
2021,Zdeno Chara,NYI,D,72,18.7317,125,14,90,25,796,53,572,55,19.004973,50.63,66.66,556.37,782.5
2021,Tyler Bozak,STL,F,50,12.1643,20,20,21,7,316,35,280,17,8.973546,20.93,29.11,265.69,333
2021,Givani Smith,DET,F,47,8.417,86,7,21,25,215,19,179,13,16.392623,13.33,16.43,173.13,208.27
2021,Brett Connolly,CHI,F,9,8.3963,7,2,3,1,42,4,25,2,11.997354,1.82,4.11,28.78,38.48
2021,Egor Sokolov,OTT,F,8,10.3708,13,1,4,2,50,8,51,2,12.144755,3.53,4.1,46.02,46.4
2021,Max Jones,ANA,F,2,9.9,2,0,0,1,12,1,6,0,6.226415,0.26,0.7,6.03,12.32
2021,Tomas Hertl,SJS,F,82,19.9402,105,65,57,14,860,101,911,105,14.355381,89.36,93.13,893.43,850.32
2021,Artem Zub,OTT,D,81,21.0399,155,14,124,29,924,72,766,60,20.218537,72.08,86.69,777.08,929.7
2021,Jan Rutta,TBL,D,76,16.3873,93,6,71,21,636,52,608,69,15.204285,55.4,58.44,609.41,628.05
2021,Mathieu Perreault,MTL,F,25,11.2547,35,10,11,2,132,14,142,20,20.195851,13.38,12.31,138.98,141.82
2021,Tanner Pearson,VAN,F,68,16.0549,84,22,41,11,550,45,659,58,16.286744,61.51,47.73,619.33,526.77
2021,Brayden Point,TBL,F,66,19.4619,75,33,27,12,597,76,822,112,11.37557,96.38,64.73,835.78,587.86
2021,Jesper Boqvist,NJD,F,56,13.1292,31,18,16,5,404,38,370,30,8.811028,31.62,34.59,365.24,395.06
2021,Nathan MacKinnon,COL,F,65,21.061,68,37,39,18,673,65,995,124,12.526667,108.24,67.47,958.07,641.55
2021,Julien Gauthier,NYR,F,49,10.3071,98,15,14,4,246,23,267,14,24.967099,23.48,21.79,251.04,247.67
2021,Jack Studnicka,BOS,F,15,12.6,17,3,5,2,86,9,101,3,14.024933,7.29,7.77,98.25,92.56
2021,Brandon Saad,STL,F,78,16.2714,20,45,20,5,617,54,663,83,8.770177,72.7,65.16,629.52,630.77
2021,Logan Shaw,OTT,F,17,9.3784,11,11,5,1,122,13,62,6,9.996826,4.94,9.44,59.66,107.38
2021,Mike Hardman,CHI,F,21,9.3008,60,5,12,4,113,11,71,5,28.361479,6.37,6.89,70.8,112.13
2021,Jamie Benn,DAL,F,82,16.7472,143,37,60,32,768,73,733,67,15.908944,80.52,75.36,718.67,754.62
2021,Ben McCartney,ARI,F,2,14.0417,7,0,0,2,11,1,10,1,18.501961,0.8,1.02,12.16,15.32
2021,Markus Niemelainen,EDM,D,20,13.1942,82,4,19,2,152,15,105,6,36.815956,11.11,15.63,105.76,146.45
2021,Blake Wheeler,WPG,F,65,19.5387,62,32,37,18,631,68,760,80,11.074024,80.65,71.72,754.96,621.46
2021,Brad Richardson,VAN,F,44,10.3023,59,7,20,12,255,16,170,12,16.302755,14.79,21.28,182.24,250.63
2021,Ethan Bear,CAR,D,58,16.0802,55,16,41,9,447,39,514,43,14.776075,50.46,39.86,552.2,440.26
2021,Frederik Gauthier,NJD,F,8,11.0958,16,0,3,0,53,5,27,1,19.434223,2.48,4.13,28.95,46.84
2021,Alexander Barabanov,SJS,F,70,17.1807,53,40,39,7,609,55,628,64,13.545864,57.38,61.92,619.19,616.83
2021,Colton Sceviour,EDM,F,35,9.4733,41,9,20,5,201,26,135,10,13.40548,9.47,17.4,139.2,187.12
2021,Matthew Peca,STL,F,5,9.6333,3,0,1,0,16,1,16,0,15.03251,1.14,1.23,13.82,18.05
2021,Ian Cole,CAR,D,75,17.152,110,29,104,33,563,50,634,54,20.980079,60.61,56.09,655.65,582.47
2021,Cole Smith,NSH,F,8,8.8354,21,3,1,0,43,5,31,1,25.337555,1.98,4.06,29.11,41.29
2021,Ethan Prow,BUF,D,4,12.7375,2,0,3,0,37,4,25,3,7.24133,1.85,2.88,19.35,25.85
2021,Jeff Carter,PIT,F,76,17.6708,99,33,50,18,735,72,743,70,13.830422,74.69,73.61,706.14,696.55
2021,Sam Bennett,FLA,F,71,16.9432,119,41,27,34,556,45,807,86,16.723972,80.97,60.85,766.61,540.29
2021,Michael Eyssimont,WPG,F,1,5.8167,0,1,0,0,3,0,5,0,19.388889,0.22,0.23,4.05,2.78
2021,Seth Griffith,EDM,F,1,5.6167,1,1,0,0,3,1,4,2,13.03675,0.59,0.42,4.39,3.21
2021,Kirby Dach,CHI,F,70,18.0443,49,42,44,21,615,80,617,58,9.99387,55.93,61.47,578.39,594.14
2021,Nathan Beaulieu,WPG,D,24,10.7701,19,0,19,8,181,20,100,5,8.481059,8.37,19.12,103.28,176.49
2021,Derrick Pouliot,SEA,D,11,15.5015,10,3,14,2,78,4,82,10,24.474775,6.74,8.49,89.22,81.59
2021,Brett Pesce,CAR,D,70,21.7007,39,45,99,13,806,78,779,71,14.281073,78.52,74.8,788.13,806.76
2021,Andreas Johnsson,NJD,F,71,14.3622,64,26,22,15,509,52,566,59,10.933204,53.76,48.87,562.19,528.55
2021,Austin Strand,LAK,D,8,15.2896,7,2,5,0,59,7,70,4,12.892726,5.25,5.88,62.64,57.66
2021,Lars Eller,WSH,F,72,16.1192,95,37,36,20,580,70,553,54,13.335248,48.57,59.01,562.36,590.33
2021,Sebastian Aho,CAR,F,79,18.9538,76,68,23,19,694,68,933,111,13.509649,112.06,74.17,949.78,697.86
2021,Brock McGinn,PIT,F,64,14.9951,94,18,50,7,560,43,437,31,18.547002,38.68,48.73,411.83,546.95
2021,Nate Thompson,PHI,F,33,11.9697,49,8,20,4,254,33,144,8,13.225638,10.45,28.05,141.08,255.19
2021,Brady Skjei,CAR,D,82,21.1423,95,51,73,23,911,77,913,83,15.305157,90.09,85.54,909.76,912.42
2021,Johnny Gaudreau,CGY,F,82,18.5748,10,50,9,8,650,54,1076,158,7.113868,110.46,58.37,1066.37,648.08
2021,Leo Komarov,NYI,F,1,10.8333,3,0,0,1,5,0,2,0,20.526316,0.24,0.4,3.35,5.61
2021,Logan Stanley,WPG,D,58,15.6443,131,13,100,16,567,55,406,31,22.751995,35.4,56.17,405.19,550.87
2021,Nick Bjugstad,MIN,F,57,10.2605,99,18,14,10,279,24,283,24,21.408171,27.09,23.31,282.86,299.27
2021,Juuso Riikola,PIT,D,5,13.3867,13,0,2,1,39,2,47,4,25.366347,4.94,2.59,44.58,33.85
2021,Tanner Kero,DAL,F,23,9.563,12,6,9,0,97,11,83,5,12.770055,6.56,9.16,83.05,97.92
2021,Ty Dellandrea,DAL,F,1,10.6167,3,0,0,0,5,1,2,0,20.394877,0.24,0.4,3.59,4.19
2021,Jack McBain,ARI,F,10,14.175,33,2,9,3,84,14,53,7,19.192246,5.7,7.67,57.07,86.08
2021,Leon Draisaitl,EDM,F,80,22.3492,53,74,25,19,920,84,1160,145,10.543486,143.16,89.11,1139.03,889.57
2021,Adam Erne,DET,F,79,13.3852,161,24,43,14,564,55,462,35,20.515406,44.74,51.46,449.46,546.42
2021,Jeff Petry,MTL,D,68,22.1211,140,12,117,18,833,96,788,70,17.737465,66.67,83.62,728.6,808.56
2021,Olli Maatta,LAK,D,66,18.2831,67,10,94,4,574,49,619,52,20.261829,60.01,52.78,607.03,581.87
2021,Martin Kaut,COL,F,6,8.8083,6,1,3,0,23,0,28,2,38.297101,1.86,1.64,22.55,22.83
2021,Gabriel Landeskog,COL,F,51,20.3176,94,17,34,23,464,40,748,101,16.892425,81.85,42.24,716.77,432.36
2021,MacKenzie Weegar,FLA,D,80,23.3725,179,74,156,24,987,102,1132,120,24.312082,120.59,102.66,1100.25,940.49
2021,Reese Johnson,CHI,F,31,10.5145,112,11,13,3,211,18,103,5,33.116215,7.8,13.79,106.49,197.08
2021,Madison Bowey,VAN,D,2,15.7333,4,0,2,0,24,4,9,0,10.858896,0.82,2.7,7.95,24.97
2021,Colton Sissons,NSH,F,79,16.1622,188,19,44,15,744,71,516,46,19.010365,53.01,72.89,520.12,741.02
2021,Brett Howden,VGK,F,47,10.6557,62,13,36,6,242,21,235,27,22.329104,24.05,23.23,235.27,246.56
2021,Kieffer Bellows,NYI,F,45,11.8644,103,6,14,8,291,23,256,27,22.15136,21.19,23.75,255.18,277.01
2021,Mikko Rantanen,COL,F,75,20.9678,58,48,43,27,729,70,1152,159,11.307785,128.64,71.23,1109.68,684
2021,Zack MacEwen,PHI,F,75,9.6633,159,22,32,32,396,35,318,20,19.725939,26.62,38.9,311.55,396.93
2021,Dylan Larkin,DET,F,71,19.6573,76,38,28,18,734,99,847,99,9.200475,89.9,86.38,809.71,711.72
2021,Andrew Poturalski,CAR,F,2,10.1417,0,0,1,0,15,1,12,2,4.033808,0.82,1.19,11.68,15.25
2021,Alex Vlasic,CHI,D,15,14.3089,15,5,16,1,123,13,88,9,15.931984,7.72,7.9,81.97,108.74
2021,Joey Anderson,TOR,F,5,8.7733,3,2,0,0,16,1,26,1,17.707212,2.56,1.85,22.64,20.03
2021,Samuel Girard,COL,D,67,21.6415,65,21,90,10,760,68,787,77,15.559023,64.93,62.45,766.3,731.82
2021,Sampo Ranta,COL,F,10,10.8933,9,4,6,1,60,5,52,1,16.510317,3.86,4.19,45.66,54.81
2021,Daniil Miromanov,VGK,D,11,9.7833,5,1,6,1,57,5,57,5,10.146932,5.57,5.32,56.37,57.58
2021,Anton Lundell,FLA,F,65,15.7372,26,59,56,9,566,62,550,76,13.181785,59.4,65.3,537.35,541.92
2021,Drake Batherson,OTT,F,46,18.9286,89,21,15,11,420,35,516,64,18.331505,58.08,45.15,529.98,427.16
2021,Brayden Schenn,STL,F,62,17.7809,119,42,17,12,583,48,591,93,19.183522,68.88,55.88,557.87,567.8
2021,Kyle Turris,EDM,F,23,8.6217,13,9,6,2,106,9,88,6,12.020003,6.63,9.22,90.17,98.11
2021,William Lockwood,VAN,F,13,11.3397,49,1,9,3,77,7,53,3,35.139385,5.56,6.58,56.23,73.99
2021,Filip Forsberg,NSH,F,69,18.0978,112,53,48,11,554,62,779,116,20.557581,93.95,59.76,799.28,534.9
2021,Gustav Forsling,FLA,D,71,21.2181,45,51,86,9,819,76,872,94,14.725018,87.93,91.51,827.08,800.83
2021,Thomas Bordeleau,SJS,F,8,15.5896,3,9,4,0,55,8,65,10,13.879254,7.77,8.47,71.67,55.19
2021,Carl Grundstrom,LAK,F,54,10.8898,134,13,19,13,266,16,289,20,31.070727,23.5,22.06,293.64,273.85
2021,Shane Pinto,OTT,F,5,12.9533,0,2,1,1,41,3,35,4,4.186898,3.72,4.17,34.27,42.02
2021,David Perron,STL,F,67,16.9863,80,37,11,19,468,36,662,79,15.505456,69.91,48.58,632.73,478.6
2021,Oliver Wahlstrom,NYI,F,73,12.0589,101,19,19,24,463,38,509,44,13.84533,44.43,37.1,488.34,434.62
2021,Kole Lind,SEA,F,23,11.8312,18,7,10,6,128,12,123,11,12.144812,9.82,12.51,123.11,123.27
2021,Patric Hornqvist,FLA,F,65,12.6905,112,24,23,8,375,40,575,48,20.502998,56.18,33,565.35,352.68
2021,Emil Bemstrom,CBJ,F,41,10.5207,36,11,6,2,206,17,223,17,13.73755,18.47,18.64,226.78,197.8
2021,Slater Koekkoek,EDM,D,19,11.1737,21,1,18,8,114,12,98,13,13.243918,7.51,11.85,95.76,114.15
2021,Dakota Mermis,MIN,D,2,13.9,3,0,1,0,17,1,18,3,17.993528,1.78,1.21,14.91,17.93
2021,Dominik Simon,ANA,F,72,10.2859,72,22,38,11,327,27,423,28,18.913571,34.74,26.6,415.95,316.52
2021,Jack Eichel,VGK,F,34,19.3917,45,25,35,5,312,26,421,42,22.298019,38.05,32.29,400.76,295.03
2021,Darnell Nurse,EDM,D,71,25.0486,196,33,132,27,1020,97,1028,102,21.915865,108.65,95.24,1016.52,987.72
2021,Brendan Gaunce,CBJ,F,30,8.0961,42,8,9,6,122,9,128,11,19.621561,10.88,9.7,133.08,116.6
2021,Blake Coleman,CGY,F,81,14.8206,163,34,44,27,544,44,668,52,22.375784,59.97,49.09,659.89,534.64
2021,Sidney Crosby,PIT,F,69,19.9744,50,34,37,17,696,58,980,117,11.015561,110.01,72.13,952.93,671.13
2021,Neal Pionk,WPG,D,77,21.1396,185,27,91,23,901,78,862,90,21.097133,88.42,85.63,850.68,887.88
2021,Tyson Barrie,EDM,D,73,18.9626,27,14,73,9,700,58,826,97,10.97052,91.78,61.34,813.01,684.18
2021,Drew Doughty,LAK,D,39,25.7359,60,9,53,16,434,58,609,59,13.426718,60.95,50.61,596.78,436.6
2021,Brock Boeser,VAN,F,71,18.5725,35,33,26,10,598,51,821,83,10.086045,84.11,60.17,794.56,570.24
2021,Peyton Krebs,BUF,F,57,14.5848,25,15,8,11,429,49,438,38,5.368275,36.12,40.32,414.34,405.88
2021,Ryan Dzingel,SJS,F,32,13.712,20,13,9,8,258,21,171,13,8.783732,13.91,21.17,176.74,243.23
2021,Andrej Sekera,DAL,D,32,13.7146,15,3,25,8,236,19,178,12,9.726755,14.43,19.15,186.54,245
2021,Calle Rosen,STL,D,18,14.3278,6,3,16,2,131,16,134,13,9.210451,14.23,10.92,137.06,133.64
2021,Wayne Simmonds,TOR,F,72,9.3303,148,15,11,19,352,30,325,25,20.063084,30.07,30.84,318.54,346.59
2021,Ty Smith,NJD,D,66,17.5045,45,13,73,11,577,71,602,50,11.394984,51.88,57.72,609.03,597.45
2021,Jake Muzzin,TOR,D,47,20.727,105,12,60,8,551,62,479,41,18.326065,49.03,51.13,486.91,529.88
2021,CJ Suess,WPG,F,3,5.7111,2,1,5,1,12,0,5,0,25.796738,0.44,0.56,6.14,9.38
2021,Max Domi,CAR,F,72,13.0354,24,36,9,26,517,41,518,57,6.469083,49.94,46.85,532.33,479.38
2021,Luke Kunin,NSH,F,82,13.8297,223,20,51,29,653,58,505,43,21.904776,47.8,57.93,494.93,639.78
2021,Colin Miller,BUF,D,38,18.982,50,6,42,9,376,37,328,40,14.891756,27.71,34.05,321.28,364.76
2021,Dillon Heatherington,OTT,D,9,12.3333,18,0,2,2,73,4,42,3,16.780045,5.21,5.54,45.7,71.92
2021,Aleksi Heponiemi,FLA,F,6,14.0278,0,3,1,1,46,6,53,1,3.89135,4.43,4.17,51.57,40.24
2021,Kasper Bjorkqvist,PIT,F,6,8.3694,9,0,2,1,23,3,27,1,16.300905,1.58,2.83,21.92,22.93
2021,Nick Schmaltz,ARI,F,63,18.2474,15,52,28,7,612,66,566,79,8.916913,64.15,58.85,576,596.65
2021,Jacob Peterson,DAL,F,65,11.0631,22,13,23,6,372,24,356,25,9.115861,34.86,31.68,358.8,372.33
2021,Ryan Reaves,NYR,F,69,10.6493,279,11,16,17,388,31,245,18,36.241151,19.12,28.78,236.23,374.82
2021,Nikolaj Ehlers,WPG,F,62,18.0688,32,41,27,10,546,46,741,79,11.598532,74.65,62.91,726.07,532.88
2021,Matt Irwin,WSH,D,17,12.6422,36,2,21,3,97,14,123,12,23.91303,9.39,7.06,119.75,91.72
2021,Stefan Noesen,CAR,F,2,14.325,5,0,0,0,12,0,21,2,59.6875,2.48,1.07,22.3,13.22
2021,Erik Johnson,COL,D,69,17.379,148,33,126,11,740,67,599,60,25.460241,53.58,70.49,554.58,712.8
2021,Tucker Poolman,VAN,D,40,17.0012,33,7,73,2,362,33,313,22,20.073704,26.36,33.37,291.31,348.11
2021,Parker Kelly,OTT,F,41,10.5756,131,11,30,11,242,23,156,15,30.237589,15.68,20.86,159.63,234.96
2021,Mark Jankowski,BUF,F,19,13.6447,5,4,8,2,172,13,103,7,6.158172,7.54,20.32,97.14,169.31
2021,Scott Laughton,PHI,F,67,16.4214,151,31,47,16,647,66,552,44,18.863289,54.17,63.97,538.5,653.06
2021,Justin Braun,NYR,D,69,19.5466,87,16,121,18,744,69,560,46,17.910994,48.55,69.07,546.59,741.4
2021,Alex Belzile,MTL,F,11,10.3924,17,3,5,2,56,4,57,3,21.951891,3.34,5.79,49.3,57.07
2021,Teddy Blueger,PIT,F,65,15.0179,87,37,32,5,513,36,440,41,20.755963,37.52,45.37,419.24,525.7
2021,Noah Juulsen,VAN,D,8,14.675,20,1,11,0,65,7,37,3,27.998211,2.51,7.61,40.12,67.24
2021,Alec Martinez,VGK,D,26,19.5404,26,8,68,2,278,23,281,24,26.002534,28.91,27.11,270.8,266.18
2021,J.T. Compher,COL,F,70,16.3224,31,26,55,11,650,57,588,59,10.387431,60.68,65.48,570.84,615.56
2021,Joel Hanley,DAL,D,44,11.9405,60,5,43,2,250,28,214,14,21.202623,19.31,19.95,223.82,247.61
2021,Alec Regula,CHI,D,15,17.8789,21,8,21,6,147,13,122,12,18.367505,8.95,10.47,113.34,141.67
2021,Ryan Johansen,NSH,F,79,16.5654,72,39,35,25,617,68,778,112,11.209531,94.34,67.79,783.52,590.9
2021,Sam Carrick,ANA,F,64,11.4672,122,14,21,26,422,40,328,22,15.272276,26.15,35.7,324.94,409.19
2021,Ondrej Palat,TBL,F,77,16.4913,123,30,42,10,593,57,705,86,18.939714,75.58,58.83,709.75,590.78
2021,Colton Parayko,STL,D,80,23.556,72,51,169,10,1060,103,821,108,18.481121,82.95,97.8,782.75,1053.16
2021,Mattias Norlinder,MTL,D,6,12.2917,4,0,3,1,54,1,33,3,10.949099,2.88,3.99,35.7,47.46
2021,Filip Zadina,DET,F,74,14.1764,57,24,34,5,556,60,584,46,11.034324,53.53,54.14,563.83,528.47
2021,John Klingberg,DAL,D,74,22.209,57,16,77,17,849,95,934,100,9.984841,109.21,83.44,961.38,829.32
2021,Nick Bonino,SJS,F,80,16.6998,34,50,102,9,665,73,572,53,15.268322,52.57,65.76,562.28,684.64
2021,Mike Matheson,PIT,D,74,18.7991,97,43,81,14,722,59,807,75,19.837335,73.58,60.68,793.84,675.56
2021,Travis Dermott,VAN,D,60,15.3358,55,7,46,7,451,33,468,41,15.56011,45.04,38.62,483.95,443.41
2021,Dominik Kubalik,CHI,F,78,14.5209,93,18,28,7,578,50,555,48,14.358824,53.8,47.12,531.75,541.44
2021,TJ Brodie,TOR,D,82,21.3114,53,30,106,17,914,84,894,88,13.135227,87.68,80.42,878.94,907.24
2021,Lucas Johansen,WSH,D,1,12.3,0,0,0,0,1,0,7,1,0.0,0.65,0.06,5.91,0.74
2021,MacKenzie Entwistle,CHI,F,55,10.247,129,9,22,5,316,36,186,16,22.272216,15.66,27.36,185.67,302.57
2021,Jesse Ylonen,MTL,F,14,11.5655,5,2,4,1,85,8,86,10,6.728051,7.36,7.31,81.24,78.97
2021,Yegor Chinakhov,CBJ,F,62,12.503,50,19,16,8,434,51,370,29,9.070364,29,38.77,364.83,407.14
2021,Michael McLeod,NJD,F,77,13.326,145,46,34,20,545,63,399,34,18.160162,37.2,51.93,412.42,559.54
2021,Joe Snively,WSH,F,12,11.5569,2,7,3,1,71,6,65,10,9.129994,6.23,6.06,63.42,69.77
2021,Gerry Mayhew,ANA,F,40,13.1754,58,9,26,9,237,23,251,21,18.604448,23.54,20.76,260.56,252.99
2021,Mathew Barzal,NYI,F,73,18.0196,36,43,17,9,668,64,792,75,8.721669,73.77,64.96,768.58,654.39
2021,Brian Dumoulin,PIT,D,76,21.818,88,34,139,12,992,74,845,82,19.852878,77.85,86.52,792.99,957.89
2021,Justin Danforth,CBJ,F,45,12.5711,85,15,22,5,300,29,270,24,21.083834,25.08,24.61,277.38,289.49
2021,Klim Kostin,STL,F,40,9.015,90,9,9,10,190,16,177,13,22.941634,13.76,16.01,171.01,189.6
2021,Brad Malone,EDM,F,8,8.2792,22,0,1,1,42,6,26,2,19.050815,2.18,4.65,23.21,42.43
2021,Cole Perfetti,WPG,F,18,14.1481,17,7,2,0,117,6,139,8,18.22051,11.65,9.49,143.91,115.9
2021,Liam O'Brien,ARI,F,39,9.4774,139,6,10,23,204,7,127,7,30.082482,9.62,17.32,129.4,207.61
2021,Cody Glass,NSH,F,8,11.4083,13,1,4,0,42,1,61,2,38.449056,5.44,2.43,58.07,35.4
2021,Anton Blidh,BOS,F,32,10.7255,82,6,17,7,167,16,112,10,27.222991,9.62,15.11,108.42,178.33
2021,Ryan Lomberg,FLA,F,55,11.4064,117,18,7,20,331,32,356,27,17.526777,30.76,33.28,339.31,312.12
2021,Ryan Ellis,PHI,D,4,22.8042,1,2,6,0,43,2,42,6,23.162325,3.54,3.56,41.5,43.92
